stop_id,stop_code,stop_name,stop_desc,stop_lat,stop_lon,zone_id,stop_url,loc_type,parent_sta,timezone,wheelchair,count,dist_ctr,GEOID20
45,1115,Dexter + Archwood, ,42.287424999999999,-83.785950000000000, , , , , ,2,1,0.000000000000000,261614033003014
46,1116,N - Dexter east of Barber, ,42.289285000000000,-83.791107999999994, , , , , ,2,1,0.000000000000000,261614033002002
47,1117,Dexter + Landings, ,42.290349999999997,-83.794667000000004, , , , , ,2,1,0.000000000000000,261614033001005
48,1142,Main + Fieldcrest, ,42.251415999999999,-83.749628000000001, , , , , ,2,1,0.000000000000000,261614045002002
49,1144,Oakbrook +  Main, ,42.246316000000000,-83.749824000000004, , , , , ,2,1,0.000000000000000,261614045002002
50,1145,Oakbrook + Northbrook, ,42.245953999999998,-83.754272000000000, , , , , ,2,1,0.000000000000000,261614045002002
52,1147,Eisenhower + Waymarket, ,42.244618000000003,-83.756451999999996, , , , , ,2,1,0.000000000000000,261614045003005
53,1148,Northbrook + Eisenhower, ,42.245255000000000,-83.756388000000001, , , , , ,1,1,0.000000000000000,261614045002010
54,1150,Blake Transit Center, ,42.278399000000000,-83.747358000000006, , , , , ,1,1,0.000000000000000,261614001001023
55,1153,Glen + Catherine, ,42.283392999999997,-83.735561000000004, , , , , ,1,1,0.000000000000000,261619801021003
56,1154,Fuller + Medical Center Dr, ,42.286464000000002,-83.731702999999996, , , , , ,2,1,0.000000000000000,261619801021001
57,1155,Fuller + Maiden, ,42.286433000000002,-83.732901999999996, , , , , ,1,1,0.000000000000000,261614008002001
58,1157,Main + Fieldcrest, ,42.252237999999998,-83.749598000000006, , , , , ,1,1,0.000000000000000,261614045001010
59,1159,Glazier Way + UM Day Care Cent, ,42.287762000000001,-83.706864999999993, , , , , ,2,1,0.000000000000000,261619804001001
60,1160,Glazier Way + Huron, ,42.287731000000001,-83.707021999999995, , , , , ,2,1,0.000000000000000,261614023001007
61,1163,Huron + Division, ,42.281399000000000,-83.744726000000000, , , , , ,1,1,0.000000000000000,261614007001017
62,1164,S - Huron east of 5th, ,42.281303999999999,-83.745536000000001, , , , , ,1,1,0.000000000000000,261614001001015
72,1199,Pauline + South Maple, ,42.265500000000003,-83.778694999999999, , , , , ,2,1,0.000000000000000,261614042001004
73,1200,Plaza + Briarwood Circle, ,42.242468000000002,-83.743819999999999, , , , , ,1,1,0.000000000000000,261614045003003
74,1201,Plaza + Briarwood Cir, ,42.242646000000001,-83.743516000000000, , , , , ,1,1,0.000000000000000,261614045003008
75,1202,S- Williams at Railroad Crossing, ,42.277939000000003,-83.750898000000007, , , , , ,2,1,0.000000000000000,261614006005008
77,1214,Huron  + Ingalls, ,42.281340000000000,-83.738596999999999, , , , , ,2,1,0.000000000000000,261614008002013
78,1215,S - Huron  east of Ingalls, ,42.281216000000001,-83.738213999999999, , , , , ,1,1,0.000000000000000,261619801011001
79,1216,Ann + Zina Pitcher, ,42.282276000000003,-83.733363999999995, , , , , ,1,1,0.000000000000000,261619801021010
80,1217,Broadway + Maiden Ln, ,42.290230000000001,-83.738018999999994, , , , , ,2,1,0.000000000000000,261614021002002
81,1218,Plymouth Brookside Apts, ,42.294665999999999,-83.732951999999997, , , , , ,1,1,0.000000000000000,261614021003008
83,1221,Plymouth + Barton, ,42.296214999999997,-83.730819999999994, , , , , ,1,1,0.000000000000000,261614021003007
84,1222,Plymouth + Murfin, ,42.297826000000001,-83.720811999999995, , , , , ,1,1,0.000000000000000,261614022015000
85,1223,Plymouth + Murfin, ,42.298017000000002,-83.720923999999997, , , , , ,1,1,0.000000000000000,261614036002013
88,1237,Sunset + Pomona, ,42.297535000000003,-83.761519000000007, , , , , ,2,1,0.000000000000000,261614032001019
89,1243,Eisenhower + Signature, ,42.243704000000001,-83.752566999999999, , , , , ,2,1,0.000000000000000,261614045003001
91,1276,Jackson + Wagner Rd, ,42.284920999999997,-83.798843000000005, , , , , ,1,1,0.000000000000000,261614033004028
92,1277,Green + Plymouth, ,42.305433999999998,-83.692941000000005, , , , , ,2,1,0.000000000000000,261614027001002
93,1278,Green Rd. + Midwest Credit Unio, ,42.308588999999998,-83.692722000000003, , , , , ,1,1,0.000000000000000,261614027001002
94,1279,Green + Post Office, ,42.310212000000000,-83.692772000000005, , , , , ,2,1,0.000000000000000,261614027001002
95,1280,Green + Burbank, ,42.312168000000000,-83.692794000000006, , , , , ,2,1,0.000000000000000,261614027001002
96,1281,Nixon + Bluett, ,42.309764000000001,-83.707604000000003, , , , , ,2,1,0.000000000000000,261614036001000
97,1285,Geddes + CCTC, ,42.278061999999998,-83.735280000000003, , , , , ,1,1,0.000000000000000,261619801011004
98,1294,Jackson + Parklake, ,42.284115999999997,-83.792952000000000, , , , , ,1,1,0.000000000000000,261614033004005
100,1308,Dexter + Maple, ,42.285746000000003,-83.781120999999999, , , , , ,1,1,0.000000000000000,261614033003016
102,1310,Bonisteel + Beal, ,42.290233999999998,-83.713825000000000, , , , , ,1,1,0.000000000000000,261619804001008
116,1350,Nixon + Plymouth, ,42.303745999999997,-83.707397000000000, , , , , ,1,1,0.000000000000000,261614036005000
118,137,BTC Mall Stop 6, ,42.278371999999997,-83.747016000000002, , , , , ,1,1,0.000000000000000,261614001001023
122,138,BTC Mall Stop 5, ,42.278371999999997,-83.747125999999994, , , , , ,1,1,0.000000000000000,261614001001023
127,1391,Main + HarborWay, ,42.247805999999997,-83.749284000000003, , , , , ,1,1,0.000000000000000,261614045001014
128,1392,Eisenhower + Signature, ,42.243389000000001,-83.752522999999997, , , , , ,2,1,0.000000000000000,261614045003002
130,1395,Summit + Daniel, ,42.289062000000001,-83.750760000000000, , , , , ,2,1,0.000000000000000,261614032001027
131,1396,Holyoke + 2752 Holyoke, ,42.314768000000001,-83.767409999999998, , , , , ,2,1,0.000000000000000,261614031001017
132,1397,Brooks + Summit, ,42.289496999999997,-83.758216000000004, , , , , ,2,1,0.000000000000000,261614032002009
133,1398,Miller + Newport Pl., ,42.288671000000001,-83.765247000000002, , , , , ,1,1,0.000000000000000,261614034002002
134,1399,Green + Whisperwood, ,42.316578000000000,-83.702686999999997, , , , , ,1,1,0.000000000000000,261614027003010
135,140,BTC Mall Stop 7, ,42.278371000000000,-83.746345000000005, , , , , ,1,1,0.000000000000000,261614001001023
139,1414,Plymouth + Green, ,42.304929999999999,-83.693631999999994, , , , , ,1,1,0.000000000000000,261614027004007
145,142,BTC - Fourth Ave Stop 4, ,42.279445000000003,-83.747332000000000, , , , , ,1,1,0.000000000000000,261614001001023
154,143,BTC - Fourth Ave Stop 3, ,42.279105000000001,-83.747344999999996, , , , , ,1,1,0.000000000000000,261614001001023
160,144,BTC - Fourth Ave Stop 2, ,42.278855000000000,-83.747344999999996, , , , , ,1,1,0.000000000000000,261614001001023
162,1449,Pauline + Stadium, ,42.267853000000002,-83.774288999999996, , , , , ,1,1,0.000000000000000,261614043003000
163,145,BTC - Fourth  Ave Stop 1, ,42.278215000000003,-83.747281000000001, , , , , ,1,1,0.000000000000000,261614001001023
164,1450,Pauline + Pauline Ct, ,42.266762999999997,-83.776401000000007, , , , , ,1,1,0.000000000000000,261614043003000
165,1455,Green Rd Park n Ride, ,42.300251000000003,-83.693263999999999, , , , , ,1,1,0.000000000000000,261614026012000
166,1456,Fuller + Beal, ,42.287602000000000,-83.715053999999995, , , , , ,1,1,0.000000000000000,261619804001008
167,1457,Fuller + Beal, ,42.287402000000000,-83.715137999999996, , , , , ,1,1,0.000000000000000,261614022014000
168,1458,Fuller + Fuller CT, ,42.287345999999999,-83.717871000000002, , , , , ,1,1,0.000000000000000,261614022014000
174,1465,Platt + Ellsworth, ,42.230789999999999,-83.699605000000005, , , , , ,2,1,0.000000000000000,261614056002005
179,1476,Oakbrook + Northbrook, ,42.245877999999998,-83.754113000000004, , , , , ,1,1,0.000000000000000,261614045002010
184,149,Division + Catherine, ,42.283389000000000,-83.743601999999996, , , , , ,1,1,0.000000000000000,261614008001006
185,1492,Rudolf Steiner School, ,42.313966000000001,-83.772447000000000, , , , , ,1,1,0.000000000000000,261614031001019
187,1498,Huron Pkwy + Platt, ,42.253141999999997,-83.698910999999995, , , , , ,2,1,0.000000000000000,261614054001002
189,150,Division + Detroit, ,42.286183999999999,-83.743504999999999, , , , , ,2,1,0.000000000000000,261614008001005
193,151,Broadway + Wall, ,42.289160000000003,-83.739092999999997, , , , , ,1,1,0.000000000000000,261614021002005
197,1517,Main + Ann Arbor- Saline, ,42.254224999999998,-83.750613000000001, , , , , ,1,1,0.000000000000000,261614045002000
198,1518,Main + Lake Village, ,42.249386000000001,-83.749505999999997, , , , , ,2,1,0.000000000000000,261614045002002
199,1519,Main + Ponds View, ,42.247610000000002,-83.749459999999999, , , , , ,2,1,0.000000000000000,261614045002002
201,1521,Main + Lake Village, ,42.250278000000002,-83.749360999999993, , , , , ,2,1,0.000000000000000,261614045001010
202,1523,Bonisteel + Murfin, ,42.290250999999998,-83.716727000000006, , , , , ,1,1,0.000000000000000,261619804001008
203,1525,Lowell + Holyoke, ,42.312370000000001,-83.765940000000001, , , , , ,2,1,0.000000000000000,261614031001017
205,1527,Eisenhower + Eisenhower Cir, ,42.246175999999998,-83.758795000000006, , , , , ,2,1,0.000000000000000,261614045003002
208,1547,Hubbard + Stone, ,42.295062000000001,-83.700489000000005, , , , , ,1,1,0.000000000000000,261614026011005
209,1548,Hubbard + Huron Pkwy, ,42.295555000000000,-83.705555000000004, , , , , ,1,1,0.000000000000000,261614026012001
210,1549,Hubbard + Huron Pkwy, ,42.295181999999997,-83.703967000000006, , , , , ,1,1,0.000000000000000,261614026011002
211,1550,Beal + Hayward, ,42.293635000000002,-83.712635000000006, , , , , ,1,1,0.000000000000000,261619804001004
212,1552,Beal + Hayward, ,42.293573000000002,-83.712428000000003, , , , , ,1,1,0.000000000000000,261619804001001
214,1560,Pontiac + Arrowwood, ,42.307980999999998,-83.734806000000006, , , , , ,1,1,0.000000000000000,261614038001002
215,1562,Pontiac + Arrowwood, ,42.306265000000003,-83.735028000000000, , , , , ,1,1,0.000000000000000,261614038002007
217,1564,VA Med Ctr. main, ,42.286422000000002,-83.713978999999995, , , , , ,1,1,0.000000000000000,261614022014000
218,1565,Liberty + Maple, ,42.273519999999998,-83.779428999999993, , , , , ,1,1,0.000000000000000,261614042001000
219,1571,Bonisteel + Beal, ,42.290461999999998,-83.714093000000005, , , , , ,1,1,0.000000000000000,261619804001005
220,1573,Huron Prkwy + Plymouth, ,42.300809000000001,-83.704527999999996, , , , , ,1,1,0.000000000000000,261614026012001
221,1574,Nixon + Clague School, ,42.311504999999997,-83.707432999999995, , , , , ,1,1,0.000000000000000,261614027002005
222,1575,Nixon + Westbury, ,42.313940000000002,-83.707434000000006, , , , , ,2,1,0.000000000000000,261614027002002
223,1576,Green + Whisperwood, ,42.316457999999997,-83.702319000000003, , , , , ,1,1,0.000000000000000,261614027002000
224,1577,Green + Sugarbush Park, ,42.316718000000002,-83.699406999999994, , , , , ,2,1,0.000000000000000,261614027002000
225,1578,Green + Kilburn Park, ,42.317523000000001,-83.695558000000005, , , , , ,2,1,0.000000000000000,261614027002000
226,1579,Green + Gettysburg, ,42.316459000000002,-83.693310999999994, , , , , ,1,1,0.000000000000000,261614027002008
227,158,Plymouth + Pointe Ln, ,42.299534000000001,-83.724530000000001, , , , , ,1,1,0.000000000000000,261614036002001
228,1581,Green + Burbank, ,42.312303999999997,-83.692982000000001, , , , , ,1,1,0.000000000000000,261614027004000
229,1582,Green + Post Office, ,42.310586999999998,-83.692937000000001, , , , , ,2,1,0.000000000000000,261614027004000
230,1583,Green + Commonwealth, ,42.307735999999998,-83.692781999999994, , , , , ,1,1,0.000000000000000,261614027004007
231,1584,Maple + Krogers, ,42.277416000000002,-83.780231000000001, , , , , ,1,1,0.000000000000000,261614033002010
239,1608,Briarwood Cir + TCF Bank, ,42.242851999999999,-83.747725000000003, , , , , ,2,1,0.000000000000000,261614045003003
240,1614,Briarwood Cir + TCF Bank, ,42.242693000000003,-83.747662000000005, , , , , ,1,1,0.000000000000000,261614045003006
241,162,Pontiac + Starwick, ,42.301346000000002,-83.735365000000002, , , , , ,2,1,0.000000000000000,261614038001002
242,163,Pontiac + Brookside, ,42.303885999999999,-83.734933999999996, , , , , ,2,1,0.000000000000000,261614038001002
258,166,Pontiac + Brookside, ,42.303922000000000,-83.735152999999997, , , , , ,2,1,0.000000000000000,261614038002011
265,167,Pontiac + Starwick, ,42.301274999999997,-83.735608999999997, , , , , ,2,1,0.000000000000000,261614038002015
266,1672,Moore + Traver, ,42.290250999999998,-83.738701000000006, , , , , ,2,1,0.000000000000000,261614021003011
267,1673,Dhu Varren + Olmesaad, ,42.316909000000003,-83.717001999999994, , , , , ,1,1,0.000000000000000,261614036004006
268,1677,Dhu Varren + Omlesaad, ,42.317090000000000,-83.717561000000003, , , , , ,1,1,0.000000000000000,261614036003008
269,1678,Plymouth + Jones, ,42.296360000000000,-83.730214000000004, , , , , ,1,1,0.000000000000000,261614036002009
270,168,Pontiac + Taylor, ,42.298012000000000,-83.736822000000004, , , , , ,2,1,0.000000000000000,261614021001012
271,1682,Fuller + UM Park + Ride, ,42.287301999999997,-83.722488999999996, , , , , ,1,1,0.000000000000000,261614022015009
274,1688,Green + Burbank, ,42.314179000000003,-83.692662999999996, , , , , ,2,1,0.000000000000000,261614027002008
276,169,Pontiac + Argo, ,42.294998999999997,-83.737986000000006, , , , , ,1,1,0.000000000000000,261614021001008
277,1690,Haywood + Draper, ,42.293992000000003,-83.709891999999996, , , , , ,1,1,0.000000000000000,261619804001001
278,1691,Haywood + Hubbard, ,42.295423999999997,-83.707738000000006, , , , , ,1,1,0.000000000000000,261619804001001
279,1693,Hubbard + Green, ,42.294927000000001,-83.692729999999997, , , , , ,1,1,0.000000000000000,261614026011002
280,1696,Pontiac + Taylor, ,42.298037999999998,-83.736577999999994, , , , , ,2,1,0.000000000000000,261614021003000
281,1697,Dhu Varren Foodgatherers, ,42.317273000000000,-83.727357999999995, , , , , ,1,1,0.000000000000000,261614038001000
282,1698,Dhu Varren + Carrot Way, ,42.316453000000003,-83.727320000000006, , , , , ,1,1,0.000000000000000,261614038001002
283,1699,Pontiac Trail + Bowen, ,42.291932000000003,-83.738943000000006, , , , , ,1,1,0.000000000000000,261614021003004
284,1701,Pontiac Tr + Apple, ,42.295526000000002,-83.737558000000007, , , , , ,2,1,0.000000000000000,261614021003005
285,1704,Dhu Varren + Foxridge Ct, ,42.317076000000000,-83.713130000000007, , , , , ,1,1,0.000000000000000,261614036004006
286,1705,Dhu Varren + Nixon, ,42.316642999999999,-83.707826999999995, , , , , ,1,1,0.000000000000000,261614036004000
287,1707,Dhu Varren + Foxridge, ,42.317219000000001,-83.713509000000002, , , , , ,1,1,0.000000000000000,261614036003000
288,1709,Hubbard + Green, ,42.294987999999996,-83.692897000000002, , , , , ,2,1,0.000000000000000,261614026011001
289,171,Pontiac + Bowen, ,42.291975999999998,-83.739140000000006, , , , , ,1,1,0.000000000000000,261614021001007
290,1710,Hubbard + Dean, ,42.295178000000000,-83.697429000000000, , , , , ,2,1,0.000000000000000,261614026012004
291,1711,Hubbard + Stone, ,42.295149000000002,-83.700119999999998, , , , , ,2,1,0.000000000000000,261614026012004
292,1712,Hubbard + Huron Parkway, ,42.295118000000002,-83.703098999999995, , , , , ,1,1,0.000000000000000,261614026012004
294,1714,Bonisteel + Murfin, ,42.290438999999999,-83.718091999999999, , , , , ,1,1,0.000000000000000,261619804001006
296,1719,Hubbard + Hayward, ,42.295713999999997,-83.707187000000005, , , , , ,1,1,0.000000000000000,261614026013000
297,172,Broadway + Swift, ,42.288972999999999,-83.739801000000000, , , , , ,1,1,0.000000000000000,261614021001005
298,1720,Packard + Arch, ,42.269328999999999,-83.738839999999996, , , , , ,1,1,0.000000000000000,261614005005002
300,1723,Liberty + Burwood, ,42.274569000000000,-83.775131000000002, , , , , ,1,1,0.000000000000000,261614035003014
303,1727,Hayward + Draper, ,42.294168999999997,-83.709558000000001, , , , , ,1,1,0.000000000000000,261619804001003
305,173,Beakes + Summit, ,42.286873999999997,-83.743942000000004, , , , , ,2,1,0.000000000000000,261614007001010
306,174,Fifth + Kingsley, ,42.283771999999999,-83.745984000000007, , , , , ,1,1,0.000000000000000,261614007001018
307,1743,Ingalls Mall, ,42.278517999999998,-83.738681000000000, , , , , ,1,1,0.000000000000000,261619801011004
308,1745,Pontiac + Knightsbridge, ,42.314751000000001,-83.734196999999995, , , , , ,2,1,0.000000000000000,261614038001017
310,1752,Hubbard + Dean, ,42.295081000000003,-83.697329999999994, , , , , ,2,1,0.000000000000000,261614026011002
312,1759,Miller Rd Park + Ride, ,42.298574000000002,-83.788078999999996, , , , , ,1,1,0.000000000000000,261614530003016
313,1760,Pontiac + Manor, ,42.305567000000003,-83.734858000000003, , , , , ,2,1,0.000000000000000,261614038001002
316,1764,Miller + Kuehnle, ,42.296683000000002,-83.784284000000000, , , , , ,2,1,0.000000000000000,261614033001005
320,1775,Dhu Varren + Hunley, ,42.316189000000001,-83.732217000000006, , , , , ,1,1,0.000000000000000,261614038001017
321,1776,Geddes + CCTC, ,42.278019000000000,-83.734900999999994, , , , , ,1,1,0.000000000000000,261619801011000
323,1778,Thompson  + Madison, ,42.274175000000000,-83.742981999999998, , , , , ,1,1,0.000000000000000,261619801011012
324,1779,Traver + Logan School, ,42.311625999999997,-83.709428000000003, , , , , ,2,1,0.000000000000000,261614036004012
325,1780,Traver + Lakehurst, ,42.311199999999999,-83.713092000000003, , , , , ,2,1,0.000000000000000,261614036004010
326,1781,Teubingen + Lancashire, ,42.309790999999997,-83.717246000000003, , , , , ,1,1,0.000000000000000,261614036002000
327,1784,Northwood Housing, ,42.294688000000001,-83.719029000000006, , , , , ,1,1,0.000000000000000,261619804001003
328,1788,Teubingen + Lancashire, ,42.309843999999998,-83.717014000000006, , , , , ,1,1,0.000000000000000,261614036001000
329,1789,Traver + Lakehurst, ,42.311154999999999,-83.712567000000007, , , , , ,1,1,0.000000000000000,261614036001000
330,1790,Traver + Logan School, ,42.311410000000002,-83.709975999999997, , , , , ,2,1,0.000000000000000,261614036001000
331,1791,Huron Pkwy + Nixon, ,42.306117000000000,-83.709706999999995, , , , , ,2,1,0.000000000000000,261614036001000
332,1792,Huron Pkwy + Traverwood, ,42.308470000000000,-83.713746000000000, , , , , ,1,1,0.000000000000000,261614036001000
333,1793,Huron Pkwy + Traverwood, ,42.308061000000002,-83.713353999999995, , , , , ,1,1,0.000000000000000,261614036005000
334,1794,Huron Pkwy + Nixon, ,42.306538000000003,-83.710756000000003, , , , , ,2,1,0.000000000000000,261614036005000
335,1797,Thompson + E.Jefferson, ,42.275604999999999,-83.743205000000003, , , , , ,1,1,0.000000000000000,261614005007002
336,1798,Packard + Hill, ,42.271701000000000,-83.741522000000003, , , , , ,1,1,0.000000000000000,261614005003001
337,1799,Packard + Hill, ,42.271996000000001,-83.741718000000006, , , , , ,2,1,0.000000000000000,261614005007006
338,1800,Thompson + Richard Kennedy, ,42.275646999999999,-83.743072999999995, , , , , ,1,1,0.000000000000000,261619801011011
341,1807,Pauline + S Maple, ,42.265379000000003,-83.779082000000002, , , , , ,2,1,0.000000000000000,261614043003000
343,1820,William + Main, ,42.277940999999998,-83.749443999999997, , , , , ,1,1,0.000000000000000,261614005006004
344,1825,Huron + State, ,42.281162000000002,-83.741597999999996, , , , , ,1,1,0.000000000000000,261614001002000
347,183,Observatory + N University, ,42.277932000000000,-83.730930999999998, , , , , ,1,1,0.000000000000000,261619801021009
348,1831,Zina Pitcher S of Ann, ,42.282046000000001,-83.733643000000001, , , , , ,1,1,0.000000000000000,261619801021011
351,1837,Dhu Varren + Birchwood, ,42.316930999999997,-83.720969999999994, , , , , ,2,1,0.000000000000000,261614036003004
352,184,Observatory  + Washington H, ,42.280552999999998,-83.731054000000000, , , , , ,1,1,0.000000000000000,261619801021007
353,185,Univ of Michigan - Mott Hospital, ,42.281326000000000,-83.728266000000005, , , , , ,1,1,0.000000000000000,261619801021007
354,1859,Green + Kilburn Park, ,42.317717000000002,-83.695611999999997, , , , , ,2,1,0.000000000000000,261614027003002
355,186,E Medical Center Dr + Taubman Ctr, ,42.283769999999997,-83.726951999999997, , , , , ,1,1,0.000000000000000,261619801021006
356,1860,Glazier Way + Arbor Crest, ,42.287633999999997,-83.708910000000003, , , , , ,2,1,0.000000000000000,261614023001007
357,1861,Huron Pkwy + HHS, ,42.283214999999998,-83.701193000000004, , , , , ,1,1,0.000000000000000,261614023001007
358,1862,Platt + Carlton, ,42.246054999999998,-83.700275000000005, , , , , ,1,1,0.000000000000000,261614052004017
359,1863,Main s of Keech, ,42.267367999999998,-83.750201000000004, , , , , ,1,1,0.000000000000000,261614006003001
363,1868,Maple + Maple Village, ,42.282730999999998,-83.780468999999997, , , , , ,1,1,0.000000000000000,261614033002000
364,1869,Maple + Maple Village, ,42.282873000000002,-83.780288999999996, , , , , ,2,1,0.000000000000000,261614035001009
365,187,E Medical Center Dr + Rogel Cancer Ctr, ,42.285532000000003,-83.731432999999996, , , , , ,1,1,0.000000000000000,261619801021006
366,1872,Division + Huron, ,42.281543999999997,-83.743717000000004, , , , , ,2,1,0.000000000000000,261614008001008
368,1879,S State + Airport Blvd, ,42.231735000000000,-83.739270000000005, , , , , ,1,1,0.000000000000000,261614147001022
369,1880,Skyline High School, ,42.305638000000002,-83.779953000000006, , , , , ,1,1,0.000000000000000,261614031001038
370,1881,Washtenaw + Geddes, ,42.277045999999999,-83.733498999999995, , , , , ,1,1,0.000000000000000,261619801011006
371,1883,Washtenaw + Pittsfield, ,42.255747999999997,-83.689650999999998, , , , , ,1,1,0.000000000000000,261614053001019
373,1885,Amtrak Station, ,42.287458999999998,-83.742769999999993, , , , , ,1,1,0.000000000000000,261614007001002
374,1887,Glazier Way + Arbor Crest, ,42.287678000000000,-83.710717000000002, , , , , ,2,1,0.000000000000000,261619804001001
375,189,Maiden Lane + Maiden Ln Ct, ,42.288257000000002,-83.734505999999996, , , , , ,1,1,0.000000000000000,261614021002001
376,1899,Washtenaw + Pittsfield, ,42.255547999999997,-83.689684999999997, , , , , ,1,1,0.000000000000000,261614054002006
377,190,Maiden Lane + Nielson, ,42.289090999999999,-83.736559999999997, , , , , ,1,1,0.000000000000000,261614021002000
378,1902,Plymouth Park + Ride, ,42.305967000000003,-83.688505000000006, , , , , ,1,1,0.000000000000000,261614025002001
379,1903,Research Park + Ellsworth, ,42.230569000000003,-83.732066000000003, , , , , ,1,1,0.000000000000000,261614056003002
380,1904,Research Park + C.I.L, ,42.234226000000000,-83.731790000000004, , , , , ,1,1,0.000000000000000,261614056003002
381,1905,Plymouth + Green, ,42.305123999999999,-83.692115999999999, , , , , ,2,1,0.000000000000000,261614025002001
385,191,Plymouth Rd + Bishop Rd., ,42.299427000000001,-83.715885000000000, , , , , ,1,1,0.000000000000000,261614022012000
389,192,Plymouth Rd + Beal, ,42.300339000000001,-83.714504000000005, , , , , ,1,1,0.000000000000000,261614022012000
393,1927,Ann Arbor Saline Rd + Brookfield, ,42.247508000000003,-83.761213999999995, , , , , ,1,1,0.000000000000000,261614044001016
395,193,Plymouth + EPA lab, ,42.302385000000001,-83.710044999999994, , , , , ,1,1,0.000000000000000,261614026013000
396,1932,Manchester Park, ,42.257693000000003,-83.710458000000003, , , , , ,2,1,0.000000000000000,261614052004000
397,1934,Maple + Foss, ,42.297358000000003,-83.781086999999999, , , , , ,2,1,0.000000000000000,261614033001014
398,1936,Dexter + Aldi, ,42.285285999999999,-83.779625999999993, , , , , ,1,1,0.000000000000000,261614034001000
399,194,Nixon + Plymouth, ,42.304160000000003,-83.707200999999998, , , , , ,1,1,0.000000000000000,261614036005001
402,1943,Research Park + KMS, ,42.235813999999998,-83.733984000000007, , , , , ,2,1,0.000000000000000,261614056003002
403,1944,Briarwood Mall - Main Stop, ,42.239928999999997,-83.748737000000006, , , , , ,1,1,0.000000000000000,261614045003006
405,195,Plymouth + Prairie, ,42.302591000000000,-83.702225999999996, , , , , ,1,1,0.000000000000000,261614026012000
406,1950,Fifth + Depot, ,42.287858000000000,-83.744697000000002, , , , , ,2,1,0.000000000000000,261614007001005
420,197,Plymouth + Commonwealth, ,42.303725999999997,-83.697303000000005, , , , , ,2,1,0.000000000000000,261614026012000
428,198,Green + Plymouth, ,42.304313999999998,-83.692809999999994, , , , , ,1,1,0.000000000000000,261614026012000
446,2000,Geddes + High Orchard, ,42.276215999999998,-83.688294999999997, , , , , ,2,1,0.000000000000000,261614023002018
447,2001,Geddes + High Orchard, ,42.276369000000003,-83.688599999999994, , , , , ,2,1,0.000000000000000,261614023001015
453,201,Green + Green Brier, ,42.298400000000001,-83.692673999999997, , , , , ,1,1,0.000000000000000,261614026011000
462,202,Green + Frederick, ,42.296926999999997,-83.692595999999995, , , , , ,2,1,0.000000000000000,261614026011001
463,2022,Murfin + Plymouth, ,42.296944000000003,-83.719954000000001, , , , , ,2,1,0.000000000000000,261614022012002
464,203,Green + Hubbard, ,42.294823000000001,-83.692601999999994, , , , , ,2,1,0.000000000000000,261614026011002
465,204,Green + Larchmont, ,42.292727999999997,-83.692564000000004, , , , , ,2,1,0.000000000000000,261614026011002
466,205,Green + Glacier Way, ,42.289192000000000,-83.692462000000006, , , , , ,2,1,0.000000000000000,261614026011002
467,207,Glazier Way + Tremont Dr., ,42.288117999999997,-83.687062999999995, , , , , ,2,1,0.000000000000000,261614023001000
468,208,Manor at Glacier Hills, ,42.290073000000000,-83.682260999999997, , , , , ,1,1,0.000000000000000,261614023002002
470,210,Glazier Way + Earhart, ,42.288229999999999,-83.684008000000006, , , , , ,2,1,0.000000000000000,261614023001000
472,213,Glazier Way + Earhart, ,42.288348999999997,-83.682834999999997, , , , , ,1,1,0.000000000000000,261614025001008
473,214,Glazier Way + Tremont, ,42.288224999999997,-83.687347000000003, , , , , ,2,1,0.000000000000000,261614025001009
474,215,Glazier Way + Bardstown Tr, ,42.288156999999998,-83.689601999999994, , , , , ,2,1,0.000000000000000,261614025001009
475,216,Green + Glazier Way, ,42.289116000000000,-83.692222999999998, , , , , ,2,1,0.000000000000000,261614025001005
476,217,Green + Vintage Valley, ,42.292062000000001,-83.692383000000007, , , , , ,2,1,0.000000000000000,261614025001004
477,218,Green + Hubbard, ,42.295208000000002,-83.692426999999995, , , , , ,2,1,0.000000000000000,261614025001001
478,219,Green + Frederick, ,42.296908999999999,-83.692473000000007, , , , , ,2,1,0.000000000000000,261614025003002
479,220,Green Rd + Greenbrier, ,42.298830000000002,-83.692518000000007, , , , , ,1,1,0.000000000000000,261614025003001
480,222,Green + Plymouth Green, ,42.303598999999998,-83.692577000000000, , , , , ,1,1,0.000000000000000,261614025002001
481,223,Plymouth + Commonwealt, ,42.303756000000000,-83.697841999999994, , , , , ,1,1,0.000000000000000,261614027004000
482,225,Plymouth west Prairie, ,42.302715999999997,-83.702725999999998, , , , , ,1,1,0.000000000000000,261614027004008
483,226,Plymouth + EPA Lab, ,42.302546999999997,-83.710183000000001, , , , , ,1,1,0.000000000000000,261614036005000
484,227,Plymouth + Beal, ,42.300373999999998,-83.714753999999999, , , , , ,1,1,0.000000000000000,261614036002001
485,228,Plymouth + Bishop, ,42.298996000000002,-83.717447000000007, , , , , ,1,1,0.000000000000000,261614036002001
486,235,Maiden Lane + Broadway, ,42.289121000000002,-83.736875999999995, , , , , ,2,1,0.000000000000000,261614021002008
487,237,Maiden Lane + Island, ,42.287846999999999,-83.733703000000006, , , , , ,1,1,0.000000000000000,261614021002007
488,238,E Medical Center Dr + Rogel Cancer Ctr, ,42.285297999999997,-83.730945000000006, , , , , ,1,1,0.000000000000000,261619801021004
489,239,E Medical Center Dr + Taubman Ctr, ,42.284393000000001,-83.727418999999998, , , , , ,1,1,0.000000000000000,261619801021004
490,240,Univ of Michigan - Mott Hospital, ,42.281475999999998,-83.728744000000006, , , , , ,1,1,0.000000000000000,261619801021005
491,241,Observatory + Washington Hts, ,42.280144999999997,-83.731142000000006, , , , , ,1,1,0.000000000000000,261619801021010
492,242,Observatory + N University, ,42.278227000000001,-83.731043999999997, , , , , ,1,1,0.000000000000000,261619801021013
495,248,Fifth Ave + Huron, ,42.281063000000003,-83.746110000000002, , , , , ,1,1,0.000000000000000,261614001001014
497,253,Fuller + Fuller Park, ,42.286833000000001,-83.728675999999993, , , , , ,2,1,0.000000000000000,261619801021001
498,254,Fuller + Cedar Bend, ,42.287050999999998,-83.723134999999999, , , , , ,1,1,0.000000000000000,261614022013000
499,258,Huron Parkway + Glazier Way, ,42.286844000000002,-83.703473000000002, , , , , ,2,1,0.000000000000000,261614023001007
500,260,Geddes + Huron Parkway, ,42.277400999999998,-83.698019000000002, , , , , ,2,1,0.000000000000000,261614023002017
501,261,Geddes + Sumac Lane, ,42.276721999999999,-83.691237000000001, , , , , ,2,1,0.000000000000000,261614023001018
502,262,Geddes + Earhart, ,42.274580999999998,-83.682221999999996, , , , , ,1,1,0.000000000000000,261614023002012
517,302,Geddes + Earhart, ,42.274678999999999,-83.681501999999995, , , , , ,1,1,0.000000000000000,261614023002004
518,303,Geddes + Sumac, ,42.276743000000003,-83.691030999999995, , , , , ,2,1,0.000000000000000,261614023001023
519,305,Huron Parkway + Lakehaven, ,42.284134999999999,-83.701271000000006, , , , , ,1,1,0.000000000000000,261614023001011
520,306,Glazier Way + Huron Pkw, ,42.287844999999997,-83.704345000000004, , , , , ,2,1,0.000000000000000,261619804001001
521,308,N- Fuller east of Bonisteel, ,42.287508000000003,-83.718028000000004, , , , , ,1,1,0.000000000000000,261619804001008
522,310,Fuller + Fuller Park, ,42.287101999999997,-83.728317000000004, , , , , ,2,1,0.000000000000000,261614022015012
526,320,W - Observatory at Ann, ,42.282088999999999,-83.731182000000004, , , , , ,1,1,0.000000000000000,261619801021010
527,322,W- Washtenaw south of S U, ,42.274881000000001,-83.731168999999994, , , , , ,1,1,0.000000000000000,261614003002001
528,323,W- Washtenaw south of Hill, ,42.272247999999998,-83.727879000000001, , , , , ,1,1,0.000000000000000,261614003002002
529,324,W- Washtenaw south of Cambridge, ,42.270443000000000,-83.725624999999994, , , , , ,1,1,0.000000000000000,261614004001000
530,325,Washtenaw + Wayne, ,42.268875999999999,-83.723598999999993, , , , , ,2,1,0.000000000000000,261614053006002
531,326,Washtenaw + Austin, ,42.267257999999998,-83.721543999999994, , , , , ,1,1,0.000000000000000,261614053006010
532,327,W- Washtenaw south of Brockman, ,42.265455000000003,-83.719252999999995, , , , , ,2,1,0.000000000000000,261614053006015
533,328,Washtenaw + Tuomy, ,42.262121999999998,-83.715017000000003, , , , , ,1,1,0.000000000000000,261614053006015
534,329,Washtenaw + Stadium, ,42.260612000000002,-83.713106999999994, , , , , ,1,1,0.000000000000000,261614053006015
535,330,S- Washtenaw west of Manchester, ,42.259064000000002,-83.709996000000004, , , , , ,1,1,0.000000000000000,261614052001000
536,332,Washtenaw + Platt Rd., ,42.257556999999998,-83.699912999999995, , , , , ,1,1,0.000000000000000,261614054001001
537,333,Washtenaw + Huron Pkw, ,42.256495000000001,-83.695055999999994, , , , , ,1,1,0.000000000000000,261614054001000
564,361,Washtenaw + Chalmers, ,42.256202999999999,-83.692625000000007, , , , , ,1,1,0.000000000000000,261614053001030
565,362,N- Washtenaw west of Huron Pkwy, ,42.257339999999999,-83.698254000000006, , , , , ,1,1,0.000000000000000,261614053005001
566,363,N- Washtenaw west of Glenwood, ,42.257978000000001,-83.701402000000002, , , , , ,1,1,0.000000000000000,261614053005007
567,364,Washtenaw + Arlington, ,42.258398999999997,-83.703547999999998, , , , , ,2,1,0.000000000000000,261614053004017
568,365,Manchester Park, ,42.258389999999999,-83.710099000000000, , , , , ,1,1,0.000000000000000,261614052001000
569,366,Washtenaw + Sheridan, ,42.259183000000000,-83.709565999999995, , , , , ,1,1,0.000000000000000,261614053004014
570,367,Washtenaw + Stadium, ,42.260522000000002,-83.712799000000004, , , , , ,1,1,0.000000000000000,261614053004008
571,368,E- Washtenaw east of Tuomy, ,42.262186000000000,-83.714871000000002, , , , , ,1,1,0.000000000000000,261614053004008
572,369,Washtenaw + Brockman, ,42.266061999999998,-83.719860999999995, , , , , ,2,1,0.000000000000000,261614053004010
573,370,Washtenaw + Devonshire, ,42.267474999999997,-83.721698000000004, , , , , ,2,1,0.000000000000000,261614053003016
574,371,Washtenaw + Wayne, ,42.269030000000001,-83.723641999999998, , , , , ,2,1,0.000000000000000,261614053006001
575,372,Washtenaw + Cambridge, ,42.271299999999997,-83.726438999999999, , , , , ,1,1,0.000000000000000,261614003003011
576,373,Washtenaw + Hill, ,42.272683999999998,-83.728268000000000, , , , , ,2,1,0.000000000000000,261614003003009
577,374,Washtenaw + S University, ,42.275100000000002,-83.731370999999996, , , , , ,1,1,0.000000000000000,261614003003006
578,375,Observatory + E Medical Center Dr, ,42.281801999999999,-83.730963000000003, , , , , ,1,1,0.000000000000000,261619801021004
581,379,S- William east of Division, ,42.277752000000000,-83.743809999999996, , , , , ,1,1,0.000000000000000,261614005007001
582,380,State + William, ,42.277475000000003,-83.740804999999995, , , , , ,1,1,0.000000000000000,261619801011011
583,381,State + S University, ,42.275095000000000,-83.740744000000007, , , , , ,1,1,0.000000000000000,261619801011011
584,382,State + Monroe, ,42.273060000000001,-83.740713000000000, , , , , ,1,1,0.000000000000000,261614005007006
585,383,Packard + State, ,42.269691999999999,-83.739357999999996, , , , , ,1,1,0.000000000000000,261614005004000
586,384,Packard + McKinley, ,42.267890000000001,-83.737392000000000, , , , , ,1,1,0.000000000000000,261614005004004
587,385,Packard + Wells, ,42.265622000000000,-83.735006999999996, , , , , ,1,1,0.000000000000000,261614004002000
588,386,Packard + Granger, ,42.264077000000000,-83.733298000000005, , , , , ,1,1,0.000000000000000,261614004002006
589,387,Packard + Henry, ,42.261795999999997,-83.730846000000000, , , , , ,1,1,0.000000000000000,261614004002016
590,388,Packard + Baldwin, ,42.259562000000003,-83.729049000000003, , , , , ,1,1,0.000000000000000,261614046003001
591,389,Packard + Jorn, ,42.257370999999999,-83.727492999999996, , , , , ,1,1,0.000000000000000,261614046003001
592,390,Packard + Jewett, ,42.254475999999997,-83.725465999999997, , , , , ,1,1,0.000000000000000,261614046004006
593,392,Packard + Pine Valley, ,42.251579999999997,-83.723187999999993, , , , , ,1,1,0.000000000000000,261614046001005
594,394,Stone School + Packard, ,42.247311000000003,-83.719954999999999, , , , , ,1,1,0.000000000000000,261614046001006
595,395,Stone School + Eisenhower, ,42.243293000000001,-83.719885000000005, , , , , ,1,1,0.000000000000000,261614046002000
596,396,Stone School + Pebble Cr, ,42.241081000000001,-83.719830000000002, , , , , ,2,1,0.000000000000000,261614046002008
597,397,Stone School + Birch Hol, ,42.238629000000003,-83.720132000000007, , , , , ,2,1,0.000000000000000,261614046002004
598,398,Stone School + Pheasant Run, ,42.235382000000001,-83.720129999999997, , , , , ,1,1,0.000000000000000,261614056004001
599,399,Stone School + Champagne, ,42.232875999999997,-83.719645000000000, , , , , ,1,1,0.000000000000000,261614056004001
602,402,Ellsworth + Jonathan, ,42.229992000000003,-83.710783000000006, , , , , ,1,1,0.000000000000000,261614154002001
603,403,Ellsworth + Braebur, ,42.230125000000001,-83.706795000000000, , , , , ,1,1,0.000000000000000,261614154002001
604,406,Platt + Williamsburg, ,42.235920999999998,-83.699882000000002, , , , , ,1,1,0.000000000000000,261614055003005
605,407,Platt + Verle, ,42.238739000000002,-83.699969999999993, , , , , ,1,1,0.000000000000000,261614055001007
606,408,Platt + Redwood, ,42.242313000000003,-83.700000000000003, , , , , ,1,1,0.000000000000000,261614055001006
607,409,Platt + Packard, ,42.244976999999999,-83.699032000000003, , , , , ,1,1,0.000000000000000,261614055001006
608,410,Packard + Fernwood, ,42.245094000000002,-83.693935999999994, , , , , ,1,1,0.000000000000000,261614055001003
609,412,Packard + Charing Cross, ,42.245168999999997,-83.689862000000005, , , , , ,1,1,0.000000000000000,261614055001001
610,413,Packard + Burton, ,42.245351999999997,-83.684884999999994, , , , , ,1,1,0.000000000000000,261614055003001
651,456,Packard + Burton, ,42.245513000000003,-83.684933000000001, , , , , ,1,1,0.000000000000000,261614054002002
652,457,Packard + Brandywine, ,42.245323999999997,-83.690179000000001, , , , , ,1,1,0.000000000000000,261614054002011
653,458,Packard + Fernwood, ,42.245254000000003,-83.694107000000002, , , , , ,1,1,0.000000000000000,261614054001022
654,459,Packard + Bellwood, ,42.245218999999999,-83.696364000000003, , , , , ,1,1,0.000000000000000,261614054001020
655,460,Platt + Packard, ,42.244537000000001,-83.700154999999995, , , , , ,1,1,0.000000000000000,261614051002000
656,461,Platt + Redwood, ,42.242071000000003,-83.700102999999999, , , , , ,1,1,0.000000000000000,261614051002018
657,462,Platt Rd. + Verle, ,42.238633000000000,-83.700074000000001, , , , , ,1,1,0.000000000000000,261614051002004
658,463,Platt + Williamsburg, ,42.235816999999997,-83.699993000000006, , , , , ,1,1,0.000000000000000,261614051002014
659,465,Ellsworth + Southeast Park, ,42.230373999999998,-83.702173999999999, , , , , ,2,1,0.000000000000000,261614056002004
660,466,Ellsworth + Braeburn, ,42.230249000000001,-83.707138000000000, , , , , ,1,1,0.000000000000000,261614056002009
661,467,Ellsworth + Jonathan, ,42.230099000000003,-83.710477999999995, , , , , ,1,1,0.000000000000000,261614056002009
662,468,Ellsworth + Shadowood, ,42.230029999999999,-83.714156000000003, , , , , ,1,1,0.000000000000000,261614056001004
663,470,Stone School  + Stone School Cir, ,42.234226000000000,-83.719598000000005, , , , , ,1,1,0.000000000000000,261614056001008
664,472,Stone School + Birch Hol, ,42.239510000000003,-83.719896000000006, , , , , ,1,1,0.000000000000000,261614051001000
665,473,Stone School + Baylis, ,42.241107999999997,-83.719774999999998, , , , , ,2,1,0.000000000000000,261614051001002
666,474,Stone School + Eisenhower, ,42.243769000000000,-83.719712999999999, , , , , ,1,1,0.000000000000000,261614051001000
667,476,Packard + King George, ,42.248759000000000,-83.720729000000006, , , , , ,1,1,0.000000000000000,261614052003006
668,477,Packard + Pine Valley, ,42.251928999999997,-83.723321999999996, , , , , ,1,1,0.000000000000000,261614052003006
669,479,Packard + Eastover, ,42.254992999999999,-83.725690000000000, , , , , ,1,1,0.000000000000000,261614052001008
670,480,Packard + Anderson, ,42.257032000000002,-83.727132999999995, , , , , ,1,1,0.000000000000000,261614052002012
671,481,Packard + Baldwin, ,42.259064000000002,-83.728566999999998, , , , , ,1,1,0.000000000000000,261614052002004
672,482,Packard + Shadford, ,42.261853000000002,-83.730800000000002, , , , , ,1,1,0.000000000000000,261614004003011
673,483,Packard + Granger, ,42.264525999999996,-83.733682000000002, , , , , ,1,1,0.000000000000000,261614004001011
674,484,Packard + Dewey + Wells, ,42.265957999999998,-83.735209999999995, , , , , ,1,1,0.000000000000000,261614005002005
675,485,Packard + McKinely, ,42.268095000000002,-83.737545999999995, , , , , ,1,1,0.000000000000000,261614005005004
676,486,State + Packard, ,42.271123000000003,-83.740573999999995, , , , , ,1,1,0.000000000000000,261614005005000
677,487,State + Monroe, ,42.273499000000001,-83.740633000000003, , , , , ,1,1,0.000000000000000,261619801011010
678,488,State + SU, ,42.275315999999997,-83.740666000000004, , , , , ,1,1,0.000000000000000,261619801011004
679,491,State + Hoover, ,42.269506000000000,-83.740615000000005, , , , , ,1,1,0.000000000000000,261614005001001
680,492,State + McKinly, ,42.267533000000000,-83.740587000000005, , , , , ,1,1,0.000000000000000,261614005001001
681,493,State + Dewey, ,42.265532999999998,-83.740583999999998, , , , , ,1,1,0.000000000000000,261614005001001
682,494,W- State  north of Henry, ,42.262146999999999,-83.740497000000005, , , , , ,1,1,0.000000000000000,261614045001000
683,496,S- Stimson east of State, ,42.260483999999998,-83.739604999999997, , , , , ,1,1,0.000000000000000,261614046005000
684,497,Industrial + Stimson, ,42.260019999999997,-83.737296999999998, , , , , ,2,1,0.000000000000000,261614046005000
685,498,W- Industrial opposite Astor, ,42.257033999999997,-83.736514000000000, , , , , ,1,1,0.000000000000000,261614046005000
686,499,Industrial + Rosewood, ,42.255018000000000,-83.735196999999999, , , , , ,2,1,0.000000000000000,261614046005000
687,500,W- Industrial opposite Jewett, ,42.253470000000000,-83.734195000000000, , , , , ,1,1,0.000000000000000,261614046005000
688,501,Industrial + Bryant Heating, ,42.251044999999998,-83.732697000000002, , , , , ,1,1,0.000000000000000,261614046005000
689,502,Industrial Hwy + AAATA, ,42.247183999999997,-83.730968000000004, , , , , ,1,1,0.000000000000000,261614046005009
690,503,Eisenhower + Industrial, ,42.244410999999999,-83.730192000000002, , , , , ,2,1,0.000000000000000,261614046005009
691,504,Eisenhower + Boardwalk, ,42.244152999999997,-83.736051000000003, , , , , ,1,1,0.000000000000000,261614046005012
692,509,Briarwood Cir + State, ,42.240792999999996,-83.740712000000002, , , , , ,1,1,0.000000000000000,261614045003007
693,510,State + State Cir, ,42.234214999999999,-83.739153000000002, , , , , ,1,1,0.000000000000000,261614147001007
695,513,Ellsworth + Research Park, ,42.229494000000003,-83.732219999999998, , , , , ,2,1,0.000000000000000,261614154002006
696,515,Ellsworth + Varsity, ,42.229567000000003,-83.726901999999995, , , , , ,1,1,0.000000000000000,261614154002005
697,516,Ellsworth + Stone Sch, ,42.229685000000003,-83.723438999999999, , , , , ,2,1,0.000000000000000,261614154002004
712,550,Ellsworth + Stone School, ,42.229771999999997,-83.723451999999995, , , , , ,2,1,0.000000000000000,261614056003007
713,551,Ellsworth + Varsity, ,42.229702000000003,-83.726267000000007, , , , , ,1,1,0.000000000000000,261614056003005
714,555,State + Research Park, ,42.232644000000001,-83.738887000000005, , , , , ,2,1,0.000000000000000,261614056003003
715,556,State + State, ,42.234082999999998,-83.738938000000005, , , , , ,1,1,0.000000000000000,261614056003003
716,557,Briarwood Cir  + State, ,42.240923000000002,-83.740487000000002, , , , , ,1,1,0.000000000000000,261614045003010
717,559,Eisenhower + Boardwalk, ,42.243864000000002,-83.736919000000000, , , , , ,1,1,0.000000000000000,261614046005016
718,560,Industrial + Eisenhower, ,42.245590999999997,-83.730189999999993, , , , , ,2,1,0.000000000000000,261614046005010
719,561,Industrial + AAATA, ,42.247244999999999,-83.730873000000003, , , , , ,1,1,0.000000000000000,261614046005010
720,562,Industria + Jewett, ,42.253678999999998,-83.734200999999999, , , , , ,2,1,0.000000000000000,261614046005001
721,563,Industrial + Marlborough, ,42.251148000000001,-83.732622000000006, , , , , ,1,1,0.000000000000000,261614046005011
722,564,Industrial + Rose, ,42.255237000000001,-83.735127000000006, , , , , ,2,1,0.000000000000000,261614046005003
723,565,Industrial + Asto, ,42.257053999999997,-83.736385999999996, , , , , ,1,1,0.000000000000000,261614046003003
724,566,Industrial + Stimson, ,42.259785000000001,-83.737156999999996, , , , , ,1,1,0.000000000000000,261614046003003
725,567,Stimson + White, ,42.260576999999998,-83.738731999999999, , , , , ,1,1,0.000000000000000,261614046003004
726,569,State + Henry, ,42.261633000000003,-83.740352000000001, , , , , ,1,1,0.000000000000000,261614046003006
727,570,State + Granger, ,42.264353999999997,-83.740298999999993, , , , , ,1,1,0.000000000000000,261614004002002
728,571,State + Dewey, ,42.266032000000003,-83.740441000000004, , , , , ,1,1,0.000000000000000,261614005004003
729,572,E - State  north of Arch, ,42.269233000000000,-83.740463000000005, , , , , ,1,1,0.000000000000000,261614005004000
730,573,State + N University, ,42.278224000000002,-83.740711000000005, , , , , ,1,1,0.000000000000000,261619801011004
734,577,Main + Madison, ,42.273893000000001,-83.749135999999993, , , , , ,1,1,0.000000000000000,261614006004000
735,578,Main + Mosley, ,42.272478000000000,-83.749605000000003, , , , , ,1,1,0.000000000000000,261614006004014
736,579,Main + Davis, ,42.269961000000002,-83.750217000000006, , , , , ,2,1,0.000000000000000,261614006004017
737,580,Main + Keech, ,42.267316999999998,-83.750369000000006, , , , , ,1,1,0.000000000000000,261614006006009
738,581,Main + Berkeley, ,42.265568999999999,-83.750296000000006, , , , , ,1,1,0.000000000000000,261614006006015
739,582,Pioneer High School, ,42.262144999999997,-83.750574000000000, , , , , ,1,1,0.000000000000000,261614043001000
744,593,S - Eisenhower west of Main, ,42.243406000000000,-83.750704999999996, , , , , ,2,1,0.000000000000000,261614045003002
745,595,Eisenhower +  Industrial, ,42.244241000000002,-83.729118999999997, , , , , ,2,1,0.000000000000000,261614046002004
746,596,Eisenhower + Hayes, ,42.244743999999997,-83.726980999999995, , , , , ,2,1,0.000000000000000,261614046002007
747,597,Eisenhower + King George, ,42.245030000000000,-83.724475999999996, , , , , ,2,1,0.000000000000000,261614046002001
748,598,Eisenhower + Stone School, ,42.243980999999998,-83.717187999999993, , , , , ,1,1,0.000000000000000,261614051001000
749,600,Packard + Hikone, ,42.244647999999998,-83.711827999999997, , , , , ,1,1,0.000000000000000,261614051001000
750,601,Packard + Woodmanor Ct., ,42.244745000000002,-83.708106000000001, , , , , ,2,1,0.000000000000000,261614051001000
751,602,Packard + Nordman, ,42.244892999999998,-83.703194999999994, , , , , ,2,1,0.000000000000000,261614051002002
752,603,Platt  + Packard, ,42.245697000000000,-83.700038000000006, , , , , ,1,1,0.000000000000000,261614054001018
753,604,Platt + Norwood, ,42.247548000000002,-83.700087999999994, , , , , ,2,1,0.000000000000000,261614054001010
754,605,Platt + Edgewood, ,42.251254000000003,-83.700159999999997, , , , , ,1,1,0.000000000000000,261614054001002
755,607,Huron Pkwy + Arlington Apts, ,42.254215000000002,-83.696821000000000, , , , , ,2,1,0.000000000000000,261614054001002
756,609,Huron Pkwy + Washtenaw, ,42.257223000000003,-83.695532000000000, , , , , ,1,1,0.000000000000000,261614053001032
757,610,Huron Pkwy + Boulder Dr., ,42.260429999999999,-83.693950000000001, , , , , ,2,1,0.000000000000000,261614053001030
758,611,Huron Pkwy + Huron River, ,42.272266000000002,-83.697935000000001, , , , , ,2,1,0.000000000000000,261614053001003
759,612,Huron Pkwy + Geddes, ,42.277982000000002,-83.698746000000000, , , , , ,1,1,0.000000000000000,261614023001013
760,616,Nixon + Aurora, ,42.306240000000003,-83.707497000000004, , , , , ,2,1,0.000000000000000,261614027004004
761,617,Nixon + Sandlewood, ,42.307941999999997,-83.707661999999999, , , , , ,2,1,0.000000000000000,261614027004004
762,623,Green + Burbank, ,42.313927000000000,-83.692564000000004, , , , , ,1,1,0.000000000000000,261614027001001
763,624,Green + Burbank, ,42.316989000000000,-83.693715999999995, , , , , ,2,1,0.000000000000000,261614027001000
764,625,Green + Sugarbush Park, ,42.316750999999996,-83.699759000000000, , , , , ,2,1,0.000000000000000,261614027003002
765,626,Green + Nixon, ,42.316969000000000,-83.706633999999994, , , , , ,1,1,0.000000000000000,261614027003005
766,627,Nixon + Westbury, ,42.314011999999998,-83.707654000000005, , , , , ,2,1,0.000000000000000,261614036004003
767,628,Nixon + Traver, ,42.311430000000001,-83.707610000000003, , , , , ,1,1,0.000000000000000,261614036001000
768,629,Nixon + Sandalwood, ,42.306103000000000,-83.707751000000002, , , , , ,1,1,0.000000000000000,261614036001001
769,633,Huron Pkwy + Fuller, ,42.277048999999998,-83.699019000000007, , , , , ,1,1,0.000000000000000,261614022013004
770,634,Huron Pkwy + Huron River, ,42.271420999999997,-83.697530999999998, , , , , ,2,1,0.000000000000000,261614053005001
771,635,Huron Pkwy + Boulder, ,42.260140000000000,-83.694512000000003, , , , , ,2,1,0.000000000000000,261614053005009
772,636,Stadium + Pauline, ,42.267752000000002,-83.771146000000002, , , , , ,1,1,0.000000000000000,261614043003000
773,637,Huron Pkwy + Washtenaw, ,42.258212999999998,-83.695559000000003, , , , , ,2,1,0.000000000000000,261614053005001
774,638,Huron Pkwy + Washtenaw, ,42.256104000000001,-83.696001999999993, , , , , ,2,1,0.000000000000000,261614054001001
775,640,Huron Pkwy + 2350 Huron Parkway, ,42.253549000000000,-83.698025000000001, , , , , ,2,1,0.000000000000000,261614054001001
776,641,Huron Pkwy + Platt, ,42.253107000000000,-83.699413000000007, , , , , ,2,1,0.000000000000000,261614054001001
777,642,Platt + Canterbury Rd., ,42.250673999999997,-83.700370000000007, , , , , ,2,1,0.000000000000000,261614052004014
778,643,Platt + Lookout, ,42.249425000000002,-83.700278999999995, , , , , ,2,1,0.000000000000000,261614052004015
779,644,Packard + Platt, ,42.245123999999997,-83.700857999999997, , , , , ,1,1,0.000000000000000,261614052004017
780,645,Packard + Chesterfield, ,42.244990999999999,-83.705157000000000, , , , , ,2,1,0.000000000000000,261614052004012
781,646,Packard + Easy St., ,42.244894000000002,-83.708935999999994, , , , , ,2,1,0.000000000000000,261614052004010
782,647,Packard + Buhr Park Entrance, ,42.244880000000002,-83.711573000000001, , , , , ,2,1,0.000000000000000,261614052004010
783,648,Eisenhower + Homestead Commons, ,42.244318999999997,-83.717421000000002, , , , , ,1,1,0.000000000000000,261614051001009
784,649,Eisenhower + Stone School, ,42.244131000000003,-83.720197999999996, , , , , ,2,1,0.000000000000000,261614046001013
785,650,Eisenhower + King George, ,42.245184999999999,-83.725497000000004, , , , , ,2,1,0.000000000000000,261614046001011
786,651,Eisenhower + Hayes St, ,42.244708000000003,-83.727928000000006, , , , , ,2,1,0.000000000000000,261614046001009
787,652,Eisenhower + Plaza, ,42.243960999999999,-83.744066000000004, , , , , ,2,1,0.000000000000000,261614045001001
788,654,Northbrook + Oakbrook, ,42.245949000000003,-83.755699000000007, , , , , ,1,1,0.000000000000000,261614045002011
789,655,Eisenhower + Eisenhower Cr, ,42.246263999999996,-83.758358000000001, , , , , ,2,1,0.000000000000000,261614045003004
791,658,Main + S.Ann Arbor Saline, ,42.254266000000001,-83.750302000000005, , , , , ,2,1,0.000000000000000,261614045001001
792,659,Main + Berkeley, ,42.265787000000003,-83.750178000000005, , , , , ,1,1,0.000000000000000,261614006003001
793,660,Main +  Hoover, ,42.269686000000000,-83.750072000000003, , , , , ,1,1,0.000000000000000,261614006001005
794,661,Main + Hill, ,42.272011999999997,-83.749599000000003, , , , , ,2,1,0.000000000000000,261614006001003
797,665,Pauline + Main, ,42.268622000000001,-83.750679000000005, , , , , ,2,1,0.000000000000000,261614006004018
798,666,Pauline + Edgewood, ,42.268529999999998,-83.754239999999996, , , , , ,2,1,0.000000000000000,261614006004018
799,667,Pauline + Seventh, ,42.268430000000002,-83.758633000000003, , , , , ,1,1,0.000000000000000,261614041002005
800,668,Pauline + VanDusen, ,42.268324000000000,-83.760586000000004, , , , , ,2,1,0.000000000000000,261614041001001
801,669,Pauline + Meadowbrook, ,42.268289000000003,-83.764432999999997, , , , , ,1,1,0.000000000000000,261614041002005
802,670,Pauline + Arbordale, ,42.268203999999997,-83.767210000000006, , , , , ,1,1,0.000000000000000,261614041002015
803,671,Pauline + Virnankay, ,42.268087000000001,-83.770285000000001, , , , , ,1,1,0.000000000000000,261614041002016
804,672,Pauline + Stadium, ,42.268042000000001,-83.772504999999995, , , , , ,1,1,0.000000000000000,261614042001002
805,673,Pauline + Park Place Apts., ,42.267989999999998,-83.774631999999997, , , , , ,1,1,0.000000000000000,261614042001003
806,674,Pauline + Pauline Court, ,42.267007999999997,-83.776379000000006, , , , , ,1,1,0.000000000000000,261614042001004
807,675,Maple + Hanson, ,42.266415000000002,-83.779745000000005, , , , , ,2,1,0.000000000000000,261614042001004
808,676,Maple + Pennsylvania, ,42.269243000000003,-83.779814999999999, , , , , ,1,1,0.000000000000000,261614042001000
809,678,Maple + Bens, ,42.271911000000003,-83.779916000000000, , , , , ,1,1,0.000000000000000,261614042001000
810,679,Maple + Liberty, ,42.273834999999998,-83.779961000000000, , , , , ,2,1,0.000000000000000,261614035002006
811,680,Maple + Winewood, ,42.277299999999997,-83.780100000000004, , , , , ,1,1,0.000000000000000,261614035002002
812,681,Stadium + Maple, ,42.278264000000000,-83.779482999999999, , , , , ,1,1,0.000000000000000,261614035002002
813,682,Stadium + Winewood, ,42.276020000000003,-83.778013000000001, , , , , ,1,1,0.000000000000000,261614035002006
814,683,Stadium + Liberty, ,42.273654000000001,-83.776521000000002, , , , , ,1,1,0.000000000000000,261614042001000
815,684,Stadium + Federal, ,42.272103000000001,-83.775424000000001, , , , , ,1,1,0.000000000000000,261614042001000
816,685,Stadium + Federal, ,42.269893000000003,-83.773464000000004, , , , , ,1,1,0.000000000000000,261614042001002
817,686,Pauline + Stadium, ,42.268016000000003,-83.770331999999996, , , , , ,1,1,0.000000000000000,261614041001005
818,687,Pauline + Kay Parkway, ,42.268143000000002,-83.766739000000001, , , , , ,1,1,0.000000000000000,261614041001004
819,688,Pauline + Meadowbrook, ,42.268143000000002,-83.763990000000007, , , , , ,1,1,0.000000000000000,261614041001002
820,689,Pauline + Van Dusen, ,42.268301999999998,-83.760572999999994, , , , , ,2,1,0.000000000000000,261614041001001
821,690,Pauline + Hutchens, ,42.268377999999998,-83.756729000000007, , , , , ,2,1,0.000000000000000,261614006006002
822,691,Pauline + Edgewood, ,42.268425000000001,-83.754442999999995, , , , , ,2,1,0.000000000000000,261614006006001
823,692,Huron + Fourth, ,42.281472000000001,-83.747450999999998, , , , , ,1,1,0.000000000000000,261614001001012
824,693,Huron + Main, ,42.281512999999997,-83.749131000000006, , , , , ,1,1,0.000000000000000,261614001001003
825,694,Huron  + First, ,42.281584000000002,-83.751619000000005, , , , , ,1,1,0.000000000000000,261614007003001
826,695,Huron  + Chapin, ,42.281641000000000,-83.754244000000000, , , , , ,1,1,0.000000000000000,261614007003003
827,696,Huron  + Seventh, ,42.281804000000001,-83.759375000000006, , , , , ,1,1,0.000000000000000,261614034003001
828,697,Huron + Arbana, ,42.281896000000003,-83.761801000000006, , , , , ,1,1,0.000000000000000,261614034003001
829,698,Huron + Edmund, ,42.281956000000001,-83.764291999999998, , , , , ,1,1,0.000000000000000,261614034003019
830,709,Jackson + Mason, ,42.283012999999997,-83.789000999999999, , , , , ,1,1,0.000000000000000,261614033004002
831,710,Jackson + Westgate, ,42.280836999999998,-83.781884000000005, , , , , ,1,1,0.000000000000000,261614033002010
832,711,S - Jackson east of Maple, ,42.280472000000003,-83.778931000000000, , , , , ,1,1,0.000000000000000,261614035002000
833,712,Jackson + Burwood, ,42.280662000000000,-83.776820999999998, , , , , ,2,1,0.000000000000000,261614035003010
834,713,Jackson + Pleasant, ,42.280925000000003,-83.774349000000001, , , , , ,2,1,0.000000000000000,261614035003002
835,714,S - Jackson at Hillside Terrace, ,42.280932999999997,-83.774220999999997, , , , , ,1,1,0.000000000000000,261614035003002
836,715,Jackson  + Grandview, ,42.281371000000000,-83.770000999999993, , , , , ,2,1,0.000000000000000,261614035003000
837,716,Jackson + Kenwood, ,42.281778000000003,-83.766852999999998, , , , , ,1,1,0.000000000000000,261614035001013
838,717,Huron + Crest, ,42.281916000000002,-83.764472999999995, , , , , ,1,1,0.000000000000000,261614035001003
839,718,Huron + Ninth, ,42.281765999999998,-83.760615999999999, , , , , ,1,1,0.000000000000000,261614035001001
840,719,Huron + Seventh, ,42.281682000000004,-83.757946000000004, , , , , ,1,1,0.000000000000000,261614006002001
841,720,Huron + Third, ,42.281551000000000,-83.753854000000004, , , , , ,1,1,0.000000000000000,261614006002000
842,721,Huron + Main, ,42.281359999999999,-83.749049999999997, , , , , ,1,1,0.000000000000000,261614001001010
844,723,Fourth + Huron, ,42.281652999999999,-83.747196000000002, , , , , ,1,1,0.000000000000000,261614001001013
845,724,Catherine. + Fourth, ,42.283318000000001,-83.747489999999999, , , , , ,1,1,0.000000000000000,261614007001015
846,725,Miller + Ashley, ,42.283360999999999,-83.750060000000005, , , , , ,2,1,0.000000000000000,261614007002022
847,726,Miller + Spring, ,42.283889000000002,-83.752604000000005, , , , , ,1,1,0.000000000000000,261614007002016
848,727,Miller. + Miner, ,42.285341000000003,-83.756377000000001, , , , , ,1,1,0.000000000000000,261614007002015
849,728,Miller + Brooks, ,42.285957000000003,-83.757949999999994, , , , , ,2,1,0.000000000000000,261614007002009
850,729,Miller + Red Oak, ,42.286983999999997,-83.760602000000006, , , , , ,2,1,0.000000000000000,261614032002009
851,730,Miller + Pomona, ,42.288012000000002,-83.763266000000002, , , , , ,2,1,0.000000000000000,261614032002002
852,731,Miller Ave. + Newport Rd., ,42.289214000000001,-83.766310000000004, , , , , ,1,1,0.000000000000000,261614032003018
853,732,Miller Ave. + Pinetree, ,42.289821000000003,-83.767854000000000, , , , , ,1,1,0.000000000000000,261614032003016
854,733,Miller Ave. + Saunders Crs, ,42.291319000000001,-83.771713000000005, , , , , ,1,1,0.000000000000000,261614032003013
855,734,Miller Ave. + Hatcher Cres, ,42.292808000000001,-83.775565000000000, , , , , ,1,1,0.000000000000000,261614032003001
856,735,Miller Ave. + Fulmer, ,42.293607999999999,-83.777623000000006, , , , , ,1,1,0.000000000000000,261614032003005
857,736,Maple + Sequoia Park, ,42.292921000000000,-83.780806999999996, , , , , ,1,1,0.000000000000000,261614033003001
858,737,Maple + Pamela, ,42.289825000000000,-83.780709999999999, , , , , ,1,1,0.000000000000000,261614033003011
859,738,Maple + Dexter, ,42.287272000000002,-83.780610999999993, , , , , ,1,1,0.000000000000000,261614033003016
860,739,Maple + Dexter, ,42.284936000000002,-83.780574000000001, , , , , ,1,1,0.000000000000000,261614033002000
861,741,Maple + Jackson, ,42.279981999999997,-83.780410000000003, , , , , ,1,1,0.000000000000000,261614033002010
862,742,Liberty + Stadium, ,42.274330999999997,-83.775566999999995, , , , , ,1,1,0.000000000000000,261614041002013
863,743,Liberty + Dartmoor, ,42.275120999999999,-83.771957999999998, , , , , ,1,1,0.000000000000000,261614041002013
864,744,Liberty + Ridgemoor, ,42.276347999999999,-83.766076999999996, , , , , ,2,1,0.000000000000000,261614041002004
866,747,Liberty + Seventh, ,42.278016000000001,-83.758054000000001, , , , , ,1,1,0.000000000000000,261614006005004
867,748,Liberty + Fifth, ,42.278455999999998,-83.755742999999995, , , , , ,2,1,0.000000000000000,261614006005003
868,749,W Liberty + Third St., ,42.278861999999997,-83.753737000000001, , , , , ,2,1,0.000000000000000,261614006005002
869,750,Liberty + Railroad crossing, ,42.279505999999998,-83.751248000000004, , , , , ,2,1,0.000000000000000,261614001001007
870,751,Liberty + Third, ,42.278905000000002,-83.754034000000004, , , , , ,2,1,0.000000000000000,261614006002002
871,752,Liberty + Fifth, ,42.278500000000001,-83.755990999999995, , , , , ,1,1,0.000000000000000,261614006002005
872,753,Liberty + Seventh, ,42.277757999999999,-83.759621999999993, , , , , ,1,1,0.000000000000000,261614035001015
874,756,Liberty + Virginia Park, ,42.276285000000001,-83.766726000000006, , , , , ,2,1,0.000000000000000,261614035003002
875,757,Liberty + Dartmoor, ,42.275238000000002,-83.771906000000001, , , , , ,1,1,0.000000000000000,261614035003002
878,760,Stadium + Abbot, ,42.279276000000003,-83.780161000000007, , , , , ,2,1,0.000000000000000,261614035002001
879,761,Maple + Jackson, ,42.280932999999997,-83.780209999999997, , , , , ,1,1,0.000000000000000,261614035001009
880,762,Maple + Dexter, ,42.285777000000003,-83.780376000000004, , , , , ,1,1,0.000000000000000,261614034001000
881,763,Maple + Haisley, ,42.289695999999999,-83.780561000000006, , , , , ,1,1,0.000000000000000,261614034001000
882,764,Maple + North Circle, ,42.293837000000003,-83.780692999999999, , , , , ,1,1,0.000000000000000,261614034001008
883,766,Miller + Fulmer, ,42.293225999999997,-83.777028000000001, , , , , ,1,1,0.000000000000000,261614034001008
884,767,Miller Ave. + Bruce, ,42.291811000000003,-83.773291999999998, , , , , ,1,1,0.000000000000000,261614034002003
885,768,Miller Ave. + Saunders Cresent, ,42.291117999999997,-83.771491999999995, , , , , ,1,1,0.000000000000000,261614034002003
886,769,Miller + Pine Tree, ,42.289472000000004,-83.767188000000004, , , , , ,1,1,0.000000000000000,261614034002003
887,770,Miller Ave. + Wesley, ,42.287975000000003,-83.763403999999994, , , , , ,1,1,0.000000000000000,261614034002001
888,771,Miller Ave. + Arborview, ,42.286731000000003,-83.760150999999993, , , , , ,1,1,0.000000000000000,261614034002000
889,772,Miller Ave. + Brooks, ,42.286048000000001,-83.758443999999997, , , , , ,2,1,0.000000000000000,261614007003003
890,773,Miller + Miner, ,42.285279000000003,-83.756459000000007, , , , , ,1,1,0.000000000000000,261614007003003
891,774,Miller + Chapin, ,42.283822999999998,-83.752656000000002, , , , , ,1,1,0.000000000000000,261614007003002
892,775,Miller + Ashley, ,42.283275000000003,-83.749303999999995, , , , , ,2,1,0.000000000000000,261614001001002
893,776,Catherine + Fourth, ,42.283192000000000,-83.747281000000001, , , , , ,1,1,0.000000000000000,261614001001001
896,779,Summit + Main, ,42.288569000000003,-83.747575999999995, , , , , ,2,1,0.000000000000000,261614007002000
897,780,Summit + Wildt, ,42.288760000000003,-83.748593999999997, , , , , ,2,1,0.000000000000000,261614007002000
898,781,Summit + Spring, ,42.289033000000003,-83.752450999999994, , , , , ,1,1,0.000000000000000,261614032001012
899,782,Summit + Miner, ,42.288992000000000,-83.755466999999996, , , , , ,1,1,0.000000000000000,261614032001024
900,783,Summit + Brooks, ,42.288938000000002,-83.758022999999994, , , , , ,2,1,0.000000000000000,261614032001026
901,784,Brooks + Pearl, ,42.291083999999998,-83.758223999999998, , , , , ,2,1,0.000000000000000,261614032001023
902,785,Brooks + Robin, ,42.293540999999998,-83.758270999999993, , , , , ,2,1,0.000000000000000,261614032001023
903,786,Brooks + Sunset, ,42.296129999999998,-83.758374000000003, , , , , ,1,1,0.000000000000000,261614032001019
904,787,Newport + Sunset, ,42.297733000000001,-83.765826000000004, , , , , ,2,1,0.000000000000000,261614032001019
905,788,Newport + Downup Cir, ,42.300891000000000,-83.765896999999995, , , , , ,2,1,0.000000000000000,261614031001025
906,789,Newport + Newport Creek, ,42.304358999999998,-83.765969999999996, , , , , ,2,1,0.000000000000000,261614031001023
907,790,Newport + Bird, ,42.308098000000001,-83.766118000000006, , , , , ,2,1,0.000000000000000,261614031001046
908,792,Warrington + Newport, ,42.309156000000002,-83.766350000000003, , , , , ,2,1,0.000000000000000,261614031001046
909,793,Warrington + Lincolnshire, ,42.310110999999999,-83.763842999999994, , , , , ,2,1,0.000000000000000,261614031001030
910,795,Holyoke + Newport, ,42.314568999999999,-83.770487000000003, , , , , ,2,1,0.000000000000000,261614031001017
911,796,Newport + White Oak, ,42.313298000000003,-83.769864999999996, , , , , ,2,1,0.000000000000000,261614031001038
912,797,Newport + Warrington, ,42.309085000000003,-83.766840999999999, , , , , ,2,1,0.000000000000000,261614031001034
913,798,Newport + Newport Creek, ,42.304696000000000,-83.766109000000000, , , , , ,2,1,0.000000000000000,261614031001034
914,799,Newport + Down Up Cir, ,42.300913000000001,-83.765963999999997, , , , , ,2,1,0.000000000000000,261614031001038
915,800,Newport + Sunset, ,42.297607999999997,-83.765878999999998, , , , , ,2,1,0.000000000000000,261614032003011
916,801,Sunset + Pomona, ,42.297459000000003,-83.764318000000003, , , , , ,2,1,0.000000000000000,261614032002000
917,802,Sunset + Brooks, ,42.296371000000001,-83.758581000000007, , , , , ,1,1,0.000000000000000,261614032002000
918,803,Brooks + Robin, ,42.293362999999999,-83.758369000000002, , , , , ,2,1,0.000000000000000,261614032002007
919,804,Brooks + Mixtwood, ,42.291243999999999,-83.758307000000002, , , , , ,2,1,0.000000000000000,261614032002009
920,806,Summit + Miner, ,42.288925999999996,-83.755874000000006, , , , , ,1,1,0.000000000000000,261614007002007
921,807,Summit + Spring, ,42.288989000000001,-83.752724999999998, , , , , ,1,1,0.000000000000000,261614007002005
922,808,Summit + Daniel, ,42.289006999999998,-83.750665999999995, , , , , ,2,1,0.000000000000000,261614007002003
923,809,Summit + Main, ,42.288673000000003,-83.748341999999994, , , , , ,2,1,0.000000000000000,261614007002001
928,815,Geddes + Walnut, ,42.276617000000002,-83.728882999999996, , , , , ,2,1,0.000000000000000,261614003003004
929,816,Geddes + Linden, ,42.276027999999997,-83.726889000000000, , , , , ,1,1,0.000000000000000,261614003003003
930,817,Geddes + Oxford, ,42.275646000000002,-83.725080000000005, , , , , ,2,1,0.000000000000000,261614003003001
931,818,Geddes + Onondaga, ,42.275160000000000,-83.721603000000002, , , , , ,2,1,0.000000000000000,261614053003009
932,819,Geddes + Hill, ,42.274341000000000,-83.717354999999998, , , , , ,2,1,0.000000000000000,261614053003007
933,820,Geddes + Vinewood, ,42.273632999999997,-83.715019999999996, , , , , ,2,1,0.000000000000000,261614053003005
934,821,Geddes + Shipman, ,42.273046000000001,-83.713044999999994, , , , , ,2,1,0.000000000000000,261614053003005
935,822,Arlington + Geddes, ,42.272534000000000,-83.710689000000002, , , , , ,2,1,0.000000000000000,261614053003005
936,823,Arlington + Devonshire, ,42.270201999999998,-83.709225000000004, , , , , ,2,1,0.000000000000000,261614053003005
937,824,Arlington + Aberdeen, ,42.268752999999997,-83.707693000000006, , , , , ,2,1,0.000000000000000,261614053004000
938,825,Arlington + Heather Way, ,42.266475000000000,-83.707148000000004, , , , , ,2,1,0.000000000000000,261614053004005
939,826,Arlington + Hawthorne, ,42.264321000000002,-83.707059999999998, , , , , ,2,1,0.000000000000000,261614053004011
940,827,Arlington + Bedford, ,42.263199999999998,-83.706952999999999, , , , , ,2,1,0.000000000000000,261614053004011
941,828,Overridge + Arlington, ,42.261972000000000,-83.706591000000003, , , , , ,2,1,0.000000000000000,261614053004015
942,829,Overridge + Sheridan, ,42.260154999999997,-83.708798000000002, , , , , ,2,1,0.000000000000000,261614053004017
943,830,Manchester + Medford, ,42.256793999999999,-83.710977000000000, , , , , ,2,1,0.000000000000000,261614052001000
944,831,Medford + Needham, ,42.257505000000002,-83.714324000000005, , , , , ,1,1,0.000000000000000,261614052001000
945,832,Medford + St  Francis, ,42.259177999999999,-83.716407000000004, , , , , ,2,1,0.000000000000000,261614052001001
946,833,Stadium + St  Francis Dr, ,42.260693000000003,-83.715996000000004, , , , , ,2,1,0.000000000000000,261614053006015
947,834,Tappan School, ,42.261158000000002,-83.720753999999999, , , , , ,2,1,0.000000000000000,261614053006016
948,835,Stadium + Ferdon, ,42.260986000000003,-83.725579999999994, , , , , ,2,1,0.000000000000000,261614004003009
949,836,Stadium + Packard, ,42.260835999999998,-83.730616999999995, , , , , ,1,1,0.000000000000000,261614004002016
950,837,Stadium + Ferndale, ,42.260728000000000,-83.734095999999994, , , , , ,2,1,0.000000000000000,261614004002018
951,838,Stadium + E  Park, ,42.261705999999997,-83.737618999999995, , , , , ,2,1,0.000000000000000,261614004002009
952,839,Stadium + Crisler, ,42.264125999999997,-83.745763999999994, , , , , ,2,1,0.000000000000000,261614006003001
953,840,Stadium + Kipke, ,42.263596999999997,-83.744433000000001, , , , , ,1,1,0.000000000000000,261614045001001
954,841,Stadium + South Industrial, ,42.261111999999997,-83.736676000000003, , , , , ,1,1,0.000000000000000,261614046003003
955,842,Stadium + Woodbury, ,42.260629999999999,-83.734560000000002, , , , , ,2,1,0.000000000000000,261614046003001
956,843,Stadium + Packard, ,42.260762000000000,-83.728342999999995, , , , , ,2,1,0.000000000000000,261614052002003
957,844,Stadium + Ferdon, ,42.260914999999997,-83.723637999999994, , , , , ,2,1,0.000000000000000,261614052002001
958,845,Stadium + Cayuga, ,42.260978000000001,-83.721305000000001, , , , , ,2,1,0.000000000000000,261614052002001
959,846,St. Francis + Stadium, ,42.260241999999998,-83.715895000000003, , , , , ,2,1,0.000000000000000,261614052002000
960,847,Medford + St  Francis, ,42.259155000000000,-83.716506999999993, , , , , ,1,1,0.000000000000000,261614052001002
961,848,Medford + Needham, ,42.257432999999999,-83.714330000000004, , , , , ,1,1,0.000000000000000,261614052001006
962,849,Manchester + Medford, ,42.256723999999998,-83.711191999999997, , , , , ,2,1,0.000000000000000,261614052001000
963,850,Overridge + Kenilworth, ,42.260427000000000,-83.708168000000001, , , , , ,2,1,0.000000000000000,261614053004016
964,851,Overridge + Arlington, ,42.261899000000000,-83.706410000000005, , , , , ,2,1,0.000000000000000,261614053004016
965,852,Arlington + Bedford, ,42.263047999999998,-83.706785999999994, , , , , ,2,1,0.000000000000000,261614053005010
966,853,Arlington + Provincial, ,42.264771000000003,-83.706992000000000, , , , , ,2,1,0.000000000000000,261614053005001
967,854,Arlington + Heather Way, ,42.266494999999999,-83.707070000000002, , , , , ,2,1,0.000000000000000,261614053005011
968,855,Arlington + Aberdeen, ,42.268743999999998,-83.707579999999993, , , , , ,2,1,0.000000000000000,261614053005012
969,856,Arlington + Devonshire, ,42.270054000000002,-83.708871000000002, , , , , ,2,1,0.000000000000000,261614053005012
970,857,Arlington + Geddes, ,42.272779999999997,-83.710655000000003, , , , , ,2,1,0.000000000000000,261614053003005
971,858,Geddes + Huntington, ,42.273069999999997,-83.712823000000000, , , , , ,2,1,0.000000000000000,261614053003005
972,859,Geddes + Orchard Hills, ,42.273727999999998,-83.715006000000002, , , , , ,2,1,0.000000000000000,261614053002002
973,860,Geddes + Awixa, ,42.274453000000001,-83.717646999999999, , , , , ,2,1,0.000000000000000,261614053003008
974,861,Geddes + Highland, ,42.275013999999999,-83.720496999999995, , , , , ,2,1,0.000000000000000,261614053003008
975,862,Geddes + Ridgeway, ,42.275440000000003,-83.723095000000001, , , , , ,1,1,0.000000000000000,261614053002006
976,863,Geddes + Geddes Hgts, ,42.275734000000000,-83.724892999999994, , , , , ,2,1,0.000000000000000,261619801021009
977,864,Geddes + Linden Street, ,42.276350000000001,-83.727656999999994, , , , , ,2,1,0.000000000000000,261619801021009
978,865,Geddes + Elm Street, ,42.277020999999998,-83.730025999999995, , , , , ,2,1,0.000000000000000,261619801021009
980,869,Madison + First, ,42.274061000000003,-83.750878999999998, , , , , ,1,1,0.000000000000000,261614006005012
981,870,Madison + Fourth, ,42.274039000000002,-83.754915999999994, , , , , ,1,1,0.000000000000000,261614006005016
982,871,Madison + Sixth, ,42.273972999999998,-83.757517000000007, , , , , ,1,1,0.000000000000000,261614006005010
983,872,Seventh + Madison, ,42.273299000000002,-83.758459999999999, , , , , ,2,1,0.000000000000000,261614041002012
984,873,Seventh + Davis, ,42.270375999999999,-83.758353999999997, , , , , ,1,1,0.000000000000000,261614041002012
985,874,Seventh + Pauline, ,42.268265999999997,-83.758306000000005, , , , , ,2,1,0.000000000000000,261614041001000
986,875,Seventh + Franklin, ,42.265718000000000,-83.758217000000002, , , , , ,1,1,0.000000000000000,261614041001014
988,878,Seventh + Scio Church, ,42.256784000000003,-83.760841999999997, , , , , ,1,1,0.000000000000000,261614043002000
989,879,Scio Church + Greenview, ,42.256709000000001,-83.763756000000001, , , , , ,2,1,0.000000000000000,261614043002019
990,880,Scio Church + Mershon Dr., ,42.256616999999999,-83.766918000000004, , , , , ,2,1,0.000000000000000,261614043002020
991,881,Scio Church + Landmark Ct, ,42.256528000000003,-83.770221000000006, , , , , ,2,1,0.000000000000000,261614043002010
992,882,Scio Church + Covington, ,42.256438000000003,-83.773297999999997, , , , , ,2,1,0.000000000000000,261614043003012
993,883,Scio Church + Waltham Dr., ,42.256366999999997,-83.775463999999999, , , , , ,2,1,0.000000000000000,261614043003012
994,884,Maple + Tudor, ,42.257477000000002,-83.778267000000000, , , , , ,2,1,0.000000000000000,261614043003010
995,885,Maple + Dicken, ,42.260115999999996,-83.779550000000000, , , , , ,2,1,0.000000000000000,261614043003000
996,886,Maple + Surrey Park, ,42.262329999999999,-83.779601000000000, , , , , ,1,1,0.000000000000000,261614043003000
997,887,Maple + Breckenridger Dr, ,42.263542000000001,-83.779635999999996, , , , , ,1,1,0.000000000000000,261614043003000
998,888,Stadium + Stadium Ct, ,42.264650000000003,-83.767809999999997, , , , , ,2,1,0.000000000000000,261614043003005
999,889,Stadium + Maywood, ,42.263852000000000,-83.765844000000001, , , , , ,1,1,0.000000000000000,261614043002005
1000,890,Stadium + Greenview, ,42.263817000000003,-83.763656999999995, , , , , ,1,1,0.000000000000000,261614043002003
1001,892,Franklin + Stadium, ,42.264215999999998,-83.759766999999997, , , , , ,2,1,0.000000000000000,261614041001013
1002,893,Franklin St. + Seventh, ,42.265338000000000,-83.758379000000005, , , , , ,1,1,0.000000000000000,261614041001014
1003,894,Seventh + Pauline, ,42.268608999999998,-83.758221000000006, , , , , ,2,1,0.000000000000000,261614006004008
1004,895,Seventh + Davis, ,42.270558000000001,-83.758253999999994, , , , , ,1,1,0.000000000000000,261614006004007
1005,896,Seventh + Princeton, ,42.273004999999998,-83.758319000000000, , , , , ,2,1,0.000000000000000,261614006004005
1006,897,Madison + Sixth, ,42.273916999999997,-83.757414999999995, , , , , ,1,1,0.000000000000000,261614006004005
1007,898,Madison  + Fourth, ,42.273933000000000,-83.754992000000001, , , , , ,2,1,0.000000000000000,261614006004004
1008,899,Madison + First, ,42.274036000000002,-83.751275000000007, , , , , ,1,1,0.000000000000000,261614006004002
1009,925,Dexter Rd + Wildwood, ,42.282291000000001,-83.766880000000000, , , , , ,2,1,0.000000000000000,261614034003020
1010,926,Dexter Rd + Grandview, ,42.282870000000003,-83.769732000000005, , , , , ,2,1,0.000000000000000,261614034003014
1011,927,Dexter Rd + Doty, ,42.283425000000001,-83.772222999999997, , , , , ,1,1,0.000000000000000,261614034001000
1012,928,Dexter Rd w. of Lyn Anne Ct., ,42.284348999999999,-83.776449999999997, , , , , ,1,1,0.000000000000000,261614034001000
1013,934,Miller + Maple, ,42.295239000000002,-83.781835999999998, , , , , ,1,1,0.000000000000000,261614033001020
1014,935,S- Dexter Rd. east of Maple, ,42.285221999999997,-83.779904999999999, , , , , ,2,1,0.000000000000000,261614035001009
1015,936,S - Dexter west of Lyn Anne, ,42.284334000000001,-83.776548000000005, , , , , ,1,1,0.000000000000000,261614035001009
1016,937,S- Dexter Rd. btw Worden and Allen, ,42.283520000000003,-83.773359999999997, , , , , ,2,1,0.000000000000000,261614035001006
1017,938,Dexter + Grandview, ,42.282772999999999,-83.769616999999997, , , , , ,2,1,0.000000000000000,261614035001005
1018,939,S - Dexter east of Wildwood, ,42.282277999999998,-83.767099000000002, , , , , ,2,1,0.000000000000000,261614035001005
1102,1287,South U + State, ,42.274990000000003,-83.740106999999995, , , , , ,1,1,0.000000000000000,261619801011004
1103,1293,Wolverine Tower Entrance #C, ,42.242981000000000,-83.736560999999995, , , , , ,1,1,0.000000000000000,261614046005016
1106,1510,Church + South U, ,42.275928000000000,-83.734612999999996, , , , , ,1,1,0.000000000000000,261619801011004
1107,1674,State St Commuter Lot, ,42.249257999999998,-83.740210000000005, , , , , ,1,1,0.000000000000000,261614045001001
1108,1695,SU + Tappan, ,42.275005000000000,-83.737744000000006, , , , , ,1,1,0.000000000000000,261619801011004
1110,1747,State + UM Commuter Lot, ,42.248759999999997,-83.740217999999999, , , , , ,1,1,0.000000000000000,261614045001001
1111,1750,State + UM Tenni & Gymnastics, ,42.252051000000002,-83.742464999999996, , , , , ,1,1,0.000000000000000,261614045001001
1112,1763,Miller + Maple, ,42.295105999999997,-83.781296999999995, , , , , ,1,1,0.000000000000000,261614033001019
1113,1765,Miller + Kuehnle, ,42.296700000000001,-83.784205999999998, , , , , ,2,1,0.000000000000000,261614033001009
1114,1824,Huron + State, ,42.281289999999998,-83.742187999999999, , , , , ,1,1,0.000000000000000,261614008001008
1119,1878,Wolverine Tower + Comerica, ,42.243096999999999,-83.737843999999996, , , , , ,1,1,0.000000000000000,261614046005016
1120,1882,Maple + Miller, ,42.295679999999997,-83.780916000000005, , , , , ,2,1,0.000000000000000,261614032003010
1121,1925,Glazier + Bardstown, ,42.288004000000001,-83.689758999999995, , , , , ,2,1,0.000000000000000,261614023001001
1127,568,State + Hoffman, ,42.258057999999998,-83.740178000000000, , , , , ,1,1,0.000000000000000,261614046005006
1128,903,State + Hoffman, ,42.258446999999997,-83.740370999999996, , , , , ,1,1,0.000000000000000,261614045001001
1129,904,State + Parkcrest, ,42.256919000000003,-83.739992999999998, , , , , ,1,1,0.000000000000000,261614045001001
1130,905,State St + 2285, ,42.253453999999998,-83.739705000000001, , , , , ,1,1,0.000000000000000,261614045001001
1131,907,State + Hidden Valley, ,42.246754000000003,-83.739439000000004, , , , , ,1,1,0.000000000000000,261614045001001
1132,919,State + Oakbrook, ,42.250200000000000,-83.739338000000004, , , , , ,2,1,0.000000000000000,261614046005004
1133,920,State + State Park and Ride, ,42.253683000000002,-83.739551000000006, , , , , ,1,1,0.000000000000000,261614046005004
1134,921,State + Parkcrest, ,42.256670000000000,-83.739767999999998, , , , , ,1,1,0.000000000000000,261614046005004
1137,1368,Main + Oakbrook, ,42.245989999999999,-83.749419000000003, , , , , ,2,1,0.000000000000000,261614045002010
1138,1374,Main + Eisenhower, ,42.244509999999998,-83.749419000000003, , , , , ,2,1,0.000000000000000,261614045002010
1139,1751,Main + Arbor Lake Village, ,42.249536999999997,-83.749504000000002, , , , , ,2,1,0.000000000000000,261614045002002
1140,558,Plaza + Eisenhower, ,42.243670000000002,-83.743369999999999, , , , , ,1,1,0.000000000000000,261614045003008
1216,2034,Liberty + Maple, ,42.273471999999998,-83.780446999999995, , , , , ,2,1,0.000000000000000,261614033002011
1221,2046,Scio Church + Convington, ,42.256281000000001,-83.772712999999996, , , , , ,1,1,0.000000000000000,261614044001011
1222,2047,Scio Church + Winstead, ,42.256421000000003,-83.767906999999994, , , , , ,2,1,0.000000000000000,261614044001009
1223,2048,Scio Church + Welch, ,42.256509000000001,-83.764916999999997, , , , , ,2,1,0.000000000000000,261614044001008
1226,2051,Stadium + Franlin, ,42.264009000000001,-83.760138999999995, , , , , ,1,1,0.000000000000000,261614041001008
1227,2052,Stadium + Greenview, ,42.263903999999997,-83.764104000000003, , , , , ,2,1,0.000000000000000,261614041001002
1228,2053,Stadium + Kay Parkway, ,42.264845000000001,-83.767775999999998, , , , , ,2,1,0.000000000000000,261614041001005
1229,2054,Stadium + Suffolk, ,42.267018999999998,-83.770152999999993, , , , , ,2,1,0.000000000000000,261614041001005
1230,2055,Maple + Keystone, ,42.262070000000001,-83.779797000000002, , , , , ,2,1,0.000000000000000,261614042002003
1231,2056,Maple + Country Village, ,42.260325999999999,-83.779724999999999, , , , , ,2,1,0.000000000000000,261614042002003
1243,2070,Liberty + Liberty Pointe, ,42.272812999999999,-83.786878000000002, , , , , ,2,1,0.000000000000000,261614033004012
1259,2089,Dexter + Landings, ,42.290415000000003,-83.794652999999997, , , , , ,1,1,0.000000000000000,261614033001005
1260,2090,Dexter + Barber, ,42.289385000000003,-83.791785000000004, , , , , ,2,1,0.000000000000000,261614033002006
1261,2091,Dexter + Glenwood, ,42.288159000000000,-83.788210000000007, , , , , ,2,1,0.000000000000000,261614033002008
1262,2092,Dexter + Center, ,42.286906000000002,-83.784940000000006, , , , , ,2,1,0.000000000000000,261614033002000
1263,2093,Dexter + Valley, ,42.285857999999998,-83.781987000000001, , , , , ,1,1,0.000000000000000,261614033002000
1315,2149,Liberty + Stadium, ,42.274186000000000,-83.776979999999995, , , , , ,2,1,0.000000000000000,261614035002006
1329,699,Jackson + Dexter, ,42.281970000000001,-83.766391999999996, , , , , ,2,1,0.000000000000000,261614035001005
1330,700,Jackson + Grandview, ,42.281489000000001,-83.770212999999998, , , , , ,2,1,0.000000000000000,261614035001006
1331,701,Jackson + Worden, ,42.281204000000002,-83.772715000000005, , , , , ,2,1,0.000000000000000,261614035001006
1332,703,Jackson + Burwood, ,42.280732000000000,-83.777608999999998, , , , , ,2,1,0.000000000000000,261614035001009
1333,704,Jackson + Maple, ,42.281039000000000,-83.781796000000000, , , , , ,2,1,0.000000000000000,261614033002000
1334,705,Jackson + Lakeview, ,42.283223000000000,-83.789141000000001, , , , , ,2,1,0.000000000000000,261614033004001
1336,489,E- State south of William, ,42.277464000000002,-83.740622999999999, , , , , ,1,1,0.000000000000000,261619801011004
1337,490,E- Thompson St south of William, ,42.277161999999997,-83.743114000000006, , , , , ,2,1,0.000000000000000,261614005007000
1339,2167,Madison + Rail Road Tracks, ,42.274044000000004,-83.748497999999998, , , , , ,2,1,0.000000000000000,261614006001001
1380,2166,Miller + Maple, ,42.294505000000001,-83.780124000000001, , , , , ,2,1,0.000000000000000,261614034001008
1496,2193,Maple + Foss, ,42.298414000000001,-83.780927000000005, , , , , ,2,1,0.000000000000000,261614032003010
1501,2199,Pennsylvania + Maple, ,42.268847999999998,-83.779437999999999, , , , , ,1,1,0.000000000000000,261614042001001
1515,2213,Commerce + Federal, ,42.270071999999999,-83.775654000000003, , , , , ,2,1,0.000000000000000,261614042001002
1516,2214,Stadium + Arbordale, ,42.272655999999998,-83.775676000000004, , , , , ,1,1,0.000000000000000,261614041002013
1536,2230,Green + Maitland, ,42.316800999999998,-83.706695999999994, , , , , ,1,1,0.000000000000000,261614027002002
1537,2231,Dhu Varren + Nixon, ,42.317312999999999,-83.708562999999998, , , , , ,1,1,0.000000000000000,261614036003009
1538,2232,Liberty + Eberwhite, ,42.277272000000004,-83.761577000000003, , , , , ,2,1,0.000000000000000,261614041002000
1539,2233,Liberty + Soule, ,42.276826000000000,-83.764224999999996, , , , , ,2,1,0.000000000000000,261614035001021
1541,2235,UM Tennis & Gymnastics, ,42.251733999999999,-83.742568000000006, , , , , ,1,1,0.000000000000000,261614045001001
1547,745,Liberty + Soule, ,42.276828999999999,-83.763920999999996, , , , , ,2,1,0.000000000000000,261614041002002
1548,754,Liberty + Eberwhite, ,42.277310000000000,-83.761819000000003, , , , , ,2,1,0.000000000000000,261614035001014
1560,2251,Pontiac Trail + Polson, ,42.311399999999999,-83.734853000000001, , , , , ,1,1,0.000000000000000,261614038002002
1561,2252,Pontiac Trail + Polson, ,42.311106000000002,-83.734711000000004, , , , , ,1,1,0.000000000000000,261614038001001
1567,2256,S- Oakbrook west of S Main, ,42.246110000000002,-83.752071000000001, , , , , ,2,1,0.000000000000000,261614045002010
1570,175,W- Fifth Ave  south of Ann, ,42.282027999999997,-83.746083999999996, , , , , ,1,1,0.000000000000000,261614001001013
1580,2259,N- William east of Division, ,42.277903999999999,-83.743831999999998, , , , , ,2,1,0.000000000000000,261614001002005
1583,2262,BTC - Fourth Ave Stop 9, ,42.278373999999999,-83.747540999999998, , , , , ,2,1,0.000000000000000,261614001001019
